gray123@gmail.com,Gary,123456,https://a0.muscache.com/im/users/31146781/profile_pic/1429027847/original.jpg?aki_policy=profile_large
jason2@illinois.edu,Jason,jason123,https://avatars0.githubusercontent.com/u/3249497?s=460&v=4
kayliegh1@illinois.edu,Kayliegh,passwd,https://encrypted-tbn0.gstatic.com/images?q=tbn:ANd9GcRA-hy8uRVFManuUwuxMoLqcZWE9GWyx7An8J2ZlZ-gMCBaOtrQ
silleny@gmail.com,Silleny,silleny123,https://a0.muscache.com/im/pictures/c45b9589-d551-4ecc-bf91-efdd68e5f921.jpg?aki_policy=profile_x_medium
morteza1@illinois.edu,Morteza,iamMorteza,https://us.v-cdn.net/5020364/uploads/userpics/032/nM34C7F46R1FH.png
ryan@gmail.com,Ryan,RyanofAtrium,https://a0.muscache.com/im/pictures/user/dc979492-755e-44ff-a105-0c375537856b.jpg?aki_policy=profile_x_medium
J123@illinois.edu,J,iamJ1234,https://encrypted-tbn0.gstatic.com/images?q=tbn:ANd9GcR3Dl-sLIzdN8Fer2tFgQIzHpO_2Y9T7Oq6a8dJH6vk7gQLU67YSA
Lee2@gmail.com,Lee,11111111,https://encrypted-tbn0.gstatic.com/images?q=tbn:ANd9GcTZNG9rdQizlvx-TE_6QkLTsRbkTrBOWaHKT47Fm8au6meekibe
Stretch1@illinois.edu,Stretch,22222222,https://cdn.pixabay.com/photo/2016/04/26/22/23/sunset-1355450_960_720.jpg
Faylene1@gmail.com,Faylene,33333333,https://encrypted-tbn0.gstatic.com/images?q=tbn:ANd9GcTOyjYTD3iH6oHaKbuljhV6j55S11w7OvzTyN3uggegn3NRm5UwaA
Samuel@gmail.com,Samuel,44444444,https://www.publicdomainpictures.net/pictures/290000/nahled/arizona-travel-poster-1551633952j5N.jpg
Elijah@gmail.com,Elijah,55555555,https://encrypted-tbn0.gstatic.com/images?q=tbn:ANd9GcTmYBmSukF73CLr7kQ5uRMsb7UmQBh0L7lhdx2aXb2A41wEzr7UYQ
Ron@gmail.com,Ron,66666666,http://pngimg.com/uploads/parachute/parachute_PNG19415.png
Garden_Inn@gmail.com,Garden_Inn,77777777,https://lh5.googleusercontent.com/p/AF1QipOnoQls8hk8miB4x7O8gfAS9YBPt4E1MBtV1nVs=w203-h203-k-no
Hyatt_Place@gmail.com,Hyatt_Place,88888888,https://lh6.googleusercontent.com/proxy/kPv_70vo9qGjF2H0si0M9fREwVUn1v_4k7xnwROafsDz_wvknIswIRGDZUNY494UvfW16MEm_QwMHiPcx_kuDZOWSk54CGpiiI4m5dafn5i5UvRCkoHcJdoNGqiI1rZjHBbjS65YvoaJc2VFH-T2e7TZrud3eQ=w408-h271-k-no
Marriott@gmail.com,Marriott,marriotpw,https://lh5.googleusercontent.com/p/AF1QipNY-gNQEuryyIPvwYNs2RwuC3j_tllz6L3M3Pn9=w408-h272-k-no
Hampton@gmail.com,Hampton,hamptonpw,https://lh6.googleusercontent.com/proxy/rUqxsGkAp9OBgkr2sqT9q3hdRWzUVKPP1bOEgIymPgE1Bbl6eAV657R8NteNTRsJORC1gHk0dSJIeAsgZbKBV-du2wxW8FEhH2FWmtpjEY5_OUX1jmRE3PsSgX7wpu-6E9Asc0R_NMwSqYaVeUw6aoboxsRji_0=w408-h271-k-no
Hilton@gmail.com,Hilton,12345678,https://lh5.googleusercontent.com/p/AF1QipNcqVKqdDeZBA0p5eRndxwYtkx4T86Sj0yQ_fB5=w579-h240-k-no